name,brand,salt,category,dosage_form,strength,mrp,price,image,url
Avastin 100mg Injection,Avastin,Bevacizumab (100mg),ANTI NEOPLASTICS,Injection,100mg,33863.0,30473.0,"https://onemg.gumlet.io/l_watermark_346/a_ignore,c_fit,q_auto,f_auto/1c1c52f2167c48cc987a52473bc0440b.jpg",https://www.1mg.com/drugs/avastin-100mg-injection-135666
Actorise 40 Injection,Actorise,Darbepoetin alfa (40mcg),BLOOD RELATED,Injection,,2745.19,2470.0,"https://onemg.gumlet.io/l_watermark_346/a_ignore,c_fit,q_auto,f_auto/hx2gxivwmeoxxxsc1hix.png",https://www.1mg.com/drugs/actorise-40-injection-227647
Actorise 25 Injection,Actorise,Darbepoetin alfa (25mcg),BLOOD RELATED,Injection,,1701.56,1531.0,"https://onemg.gumlet.io/l_watermark_346/a_ignore,c_fit,q_auto,f_auto/hx2gxivwmeoxxxsc1hix.png",https://www.1mg.com/drugs/actorise-25-injection-228329
Actorise 60 Injection,Actorise,Darbepoetin alfa (60mcg),BLOOD RELATED,Injection,,3970.31,3573.0,"https://onemg.gumlet.io/l_watermark_346/a_ignore,c_fit,q_auto,f_auto/hx2gxivwmeoxxxsc1hix.png",https://www.1mg.com/drugs/actorise-60-injection-403206
Azel 80 Capsule,Azel,Enzalutamide (80mg),ANTI NEOPLASTICS,Capsule,,8156.25,6443.0,"https://onemg.gumlet.io/l_watermark_346/a_ignore,c_fit,q_auto,f_auto/118fcd2fbc554da78f2b4f8cbbf3a8c1.jpg",https://www.1mg.com/drugs/azel-80-capsule-682932
Azel 40mg Capsule,Azel,Enzalutamide (40mg),ANTI NEOPLASTICS,Capsule,40mg,8156.25,6443.0,"https://onemg.gumlet.io/l_watermark_346/a_ignore,c_fit,q_auto,f_auto/hx2gxivwmeoxxxsc1hix.png",https://www.1mg.com/drugs/azel-40mg-capsule-429353
Actorise 200 Injection,Actorise,Darbepoetin alfa (200mcg),BLOOD RELATED,Injection,,15007.02,6001.0,"https://onemg.gumlet.io/l_watermark_346/a_ignore,c_fit,q_auto,f_auto/a9364da5d6b545ed9759f3515af5de09.jpg",https://www.1mg.com/drugs/actorise-200-injection-342162
Actorise 100 Injection,Actorise,Darbepoetin alfa (100mcg),BLOOD RELATED,Injection,,8304.18,7473.0,"https://onemg.gumlet.io/l_watermark_346/a_ignore,c_fit,q_auto,f_auto/c4d7f754a03f4c2c8b24847c534c2c6a.jpg",https://www.1mg.com/drugs/actorise-100-injection-369472
Azacytin Injection,Azacytin,Azacitidine (100mg),ANTI NEOPLASTICS,Injection,,5761.17,5184.0,"https://onemg.gumlet.io/l_watermark_346/a_ignore,c_fit,q_auto,f_auto/hx2gxivwmeoxxxsc1hix.png",https://www.1mg.com/drugs/azacytin-injection-341892
Aromasin 25mg Tablet,Aromasin,Exemestane (25mg),ANTI NEOPLASTICS,Tablet,25mg,5506.38,4625.0,"https://onemg.gumlet.io/l_watermark_346/a_ignore,c_fit,q_auto,f_auto/hx2gxivwmeoxxxsc1hix.png",https://www.1mg.com/drugs/aromasin-25mg-tablet-767498
Biceltis 440mg Injection,Biceltis,Trastuzumab (440mg),ANTI NEOPLASTICS,Injection,440mg,51234.38,46106.0,"https://onemg.gumlet.io/l_watermark_346/a_ignore,c_fit,q_auto,f_auto/hx2gxivwmeoxxxsc1hix.png",https://www.1mg.com/drugs/biceltis-440mg-injection-174218
Bleocip 15IU Injection,Bleocip,Bleomycin (15IU),ANTI NEOPLASTICS,Injection,15IU,616.65,555.0,"https://onemg.gumlet.io/l_watermark_346/a_ignore,c_fit,q_auto,f_auto/hx2gxivwmeoxxxsc1hix.png",https://www.1mg.com/drugs/bleocip-15iu-injection-168482
Bdpalbo 100mg Capsule,Bdpalbo,Palbociclib (100mg),ANTI NEOPLASTICS,Capsule,100mg,3375.0,3172.0,"https://onemg.gumlet.io/l_watermark_346/a_ignore,c_fit,q_auto,f_auto/hx2gxivwmeoxxxsc1hix.png",https://www.1mg.com/drugs/bdpalbo-100mg-capsule-830622
Bdpalbo 75mg Capsule,Bdpalbo,Palbociclib (75mg),ANTI NEOPLASTICS,Capsule,75mg,2953.13,2776.0,"https://onemg.gumlet.io/l_watermark_346/a_ignore,c_fit,q_auto,f_auto/hx2gxivwmeoxxxsc1hix.png",https://www.1mg.com/drugs/bdpalbo-75mg-capsule-830624
Bdpalbo 125mg Capsule,Bdpalbo,Palbociclib (125mg),ANTI NEOPLASTICS,Capsule,125mg,4185.0,3933.0,"https://onemg.gumlet.io/l_watermark_346/a_ignore,c_fit,q_auto,f_auto/hx2gxivwmeoxxxsc1hix.png",https://www.1mg.com/drugs/bdpalbo-125mg-capsule-830617
Bavencio Injection,Bavencio,Avelumab (200mg),ANTI NEOPLASTICS,Injection,,146800.0,132105.0,"https://onemg.gumlet.io/l_watermark_346/a_ignore,c_fit,q_auto,f_auto/hx2gxivwmeoxxxsc1hix.png",https://www.1mg.com/drugs/bavencio-injection-762773
Benadryl Syrup,Benadryl,Diphenhydramine (14.08mg/5ml) + Ammonium Chloride (138mg/5ml) + Sodium Citrate (57.03mg/5ml),RESPIRATORY,Syrup,,174.0,173.0,"https://onemg.gumlet.io/l_watermark_346/a_ignore,c_fit,q_auto,f_auto/3fd1878ed3734cb6b357d34fb1d47cc1.jpg",https://www.1mg.com/drugs/benadryl-syrup-114690
BUDEcort 0.5mg Respules (2ml Each),BUDEcort,Budesonide (0.5mg),RESPIRATORY,Tablet,0.5mg,127.9,121.0,"https://onemg.gumlet.io/l_watermark_346/a_ignore,c_fit,q_auto,f_auto/lzupbnuthjghpr2yzjnh.jpg",https://www.1mg.com/drugs/budecort-0.5mg-respules-2ml-each-351796
Betnovate-C Cream,Betnovate-C,Betamethasone (0.1% w/w) + Clioquinol (Iodochlorhydroxyquin) (3% w/w),DERMA,Ointment,,73.03,69.5,"https://onemg.gumlet.io/l_watermark_346/a_ignore,c_fit,q_auto,f_auto/cropped/suh9cpr4ojpmmdbshw2a.jpg",https://www.1mg.com/drugs/betnovate-c-cream-149634
Betnovate-N  Cream,Betnovate-N,Betamethasone (0.1% w/w) + Neomycin (0.5% w/w),DERMA,Ointment,,68.9,65.5,"https://onemg.gumlet.io/l_watermark_346/a_ignore,c_fit,q_auto,f_auto/c53fc807f6fe486b9e7dccb6774724d1.jpg",https://www.1mg.com/drugs/betnovate-n-cream-651249
Castophene Tablet,Castophene,Phenolphthalein (0.19gm),GASTRO INTESTINAL,Tablet,,29.0,27.6,"https://onemg.gumlet.io/l_watermark_346/a_ignore,c_fit,q_auto,f_auto/us0ocvijcmh0cevaemql.jpg",https://www.1mg.com/drugs/castophene-tablet-254234
Cresemba 100mg Capsule,Cresemba,Isavuconazole (100mg),ANTI INFECTIVES,Capsule,100mg,40442.46,33968.0,"https://onemg.gumlet.io/l_watermark_346/a_ignore,c_fit,q_auto,f_auto/b9q2f5k8saoiugv9jswt.jpg",https://www.1mg.com/drugs/cresemba-100mg-capsule-659852
Cabotres 40 Tablet,Cabotres,Cabozantinib (40mg),ANTI NEOPLASTICS,Tablet,,14437.5,12992.0,"https://onemg.gumlet.io/l_watermark_346/a_ignore,c_fit,q_auto,f_auto/x0igj2zlqsdgxt1uuvrl.jpg",https://www.1mg.com/drugs/cabotres-40-tablet-702075
Cabotres 20 Tablet,Cabotres,Cabozantinib (20mg),ANTI NEOPLASTICS,Tablet,,8765.62,4820.0,"https://onemg.gumlet.io/l_watermark_346/a_ignore,c_fit,q_auto,f_auto/ko3hcifsmp7rjeladwol.jpg",https://www.1mg.com/drugs/cabotres-20-tablet-702076
Cytoblastin 10mg Injection,Cytoblastin,Vinblastine (10mg),ANTI NEOPLASTICS,Injection,10mg,267.85,241.0,"https://onemg.gumlet.io/l_watermark_346/a_ignore,c_fit,q_auto,f_auto/hx2gxivwmeoxxxsc1hix.png",https://www.1mg.com/drugs/cytoblastin-10mg-injection-254729
Cresp 500 Injection,Cresp,Darbepoetin alfa (500mcg),BLOOD RELATED,Injection,,32973.43,29673.0,"https://onemg.gumlet.io/l_watermark_346/a_ignore,c_fit,q_auto,f_auto/cf2efabc28f048c2961f681b3665c200.jpg",https://www.1mg.com/drugs/cresp-500-injection-657921
Capmide 40mg Capsule,Capmide,Enzalutamide (40mg),ANTI NEOPLASTICS,Capsule,40mg,862.5,776.0,"https://onemg.gumlet.io/l_watermark_346/a_ignore,c_fit,q_auto,f_auto/hx2gxivwmeoxxxsc1hix.png",https://www.1mg.com/drugs/capmide-40mg-capsule-633784
Cytocarb 450mg Injection,Cytocarb,Carboplatin (450mg),ANTI NEOPLASTICS,Injection,450mg,2507.08,2287.0,"https://onemg.gumlet.io/l_watermark_346/a_ignore,c_fit,q_auto,f_auto/hx2gxivwmeoxxxsc1hix.png",https://www.1mg.com/drugs/cytocarb-450mg-injection-295129
Cytocarb 150mg Injection,Cytocarb,Carboplatin (150mg),ANTI NEOPLASTICS,Injection,150mg,819.59,738.0,"https://onemg.gumlet.io/l_watermark_346/a_ignore,c_fit,q_auto,f_auto/hx2gxivwmeoxxxsc1hix.png",https://www.1mg.com/drugs/cytocarb-150mg-injection-295471
Cytogem 1000mg Injection,Cytogem,Gemcitabine (1000mg),ANTI NEOPLASTICS,Injection,1000mg,5973.93,4719.0,"https://onemg.gumlet.io/l_watermark_346/a_ignore,c_fit,q_auto,f_auto/b1d19f1ac3374ac9a92d5a8bfc1476c8.jpg",https://www.1mg.com/drugs/cytogem-1000mg-injection-243967
Darzalex 400mg Injection,Darzalex,Daratumumab (400mg),ANTI NEOPLASTICS,Injection,400mg,75500.0,67942.0,"https://onemg.gumlet.io/l_watermark_346/a_ignore,c_fit,q_auto,f_auto/cropped/idtmje16ebhufguyhi2a.jpg",https://www.1mg.com/drugs/darzalex-400mg-injection-530982
Daunotec 20mg Injection,Daunotec,Daunorubicin (20mg),ANTI NEOPLASTICS,Injection,20mg,323.41,291.0,"https://onemg.gumlet.io/l_watermark_346/a_ignore,c_fit,q_auto,f_auto/hx2gxivwmeoxxxsc1hix.png",https://www.1mg.com/drugs/daunotec-20mg-injection-159743
Dasatrue 70mg Tablet,Dasatrue,Dasatinib (70mg),ANTI NEOPLASTICS,Tablet,70mg,8765.62,5083.0,"https://onemg.gumlet.io/l_watermark_346/a_ignore,c_fit,q_auto,f_auto/77bc0230906e43a68549d65853d0dc84.jpg",https://www.1mg.com/drugs/dasatrue-70mg-tablet-672419
DOCETAX 20 MG INJECTION,DOCETAX,Docetaxel (20mg),ANTI NEOPLASTICS,Injection,20 MG,2213.87,1992.0,"https://onemg.gumlet.io/l_watermark_346/a_ignore,c_fit,q_auto,f_auto/hx2gxivwmeoxxxsc1hix.png",https://www.1mg.com/drugs/docetax-20-mg-injection-309135
Darzalex Injection,Darzalex,Daratumumab (100mg),ANTI NEOPLASTICS,Injection,,18900.0,17008.0,"https://onemg.gumlet.io/l_watermark_346/a_ignore,c_fit,q_auto,f_auto/cropped/t963rsjm7kzhxzpmasns.jpg",https://www.1mg.com/drugs/darzalex-injection-532505
dAYVigo 5mg Tablet,dAYVigo,Lemborexant (5mg),NEURO CNS,Tablet,5mg,630.0,567.0,"https://onemg.gumlet.io/l_watermark_346/a_ignore,c_fit,q_auto,f_auto/zp9y3kpiy5yrt7e1prar.jpg",https://www.1mg.com/drugs/dayvigo-5mg-tablet-772077
dAYVigo 10mg Tablet,dAYVigo,Lemborexant (10mg),NEURO CNS,Tablet,10mg,892.5,803.0,"https://onemg.gumlet.io/l_watermark_346/a_ignore,c_fit,q_auto,f_auto/quflak71tnsxeee7zahk.jpg",https://www.1mg.com/drugs/dayvigo-10mg-tablet-772074
Docetere 80mg Injection,Docetere,Docetaxel (80mg),ANTI NEOPLASTICS,Injection,80mg,11038.41,9933.0,"https://onemg.gumlet.io/l_watermark_346/a_ignore,c_fit,q_auto,f_auto/hx2gxivwmeoxxxsc1hix.png",https://www.1mg.com/drugs/docetere-80mg-injection-300965
Docetere 120mg Injection,Docetere,Docetaxel (120mg),ANTI NEOPLASTICS,Injection,120mg,15858.52,14271.0,"https://onemg.gumlet.io/l_watermark_346/a_ignore,c_fit,q_auto,f_auto/hx2gxivwmeoxxxsc1hix.png",https://www.1mg.com/drugs/docetere-120mg-injection-172904
Mitotax 100mg Injection,Mitotax,Paclitaxel (100mg),ANTI NEOPLASTICS,Injection,100mg,3843.21,3459.0,"https://onemg.gumlet.io/l_watermark_346/a_ignore,c_fit,q_auto,f_auto/6105b980220a4118a5600b4f34247139.jpg",https://www.1mg.com/drugs/mitotax-100mg-injection-255522
Mitobulin Solution for Injection,Mitobulin,Eribulin Mesylate (0.5mg/ml),ANTI NEOPLASTICS,Injection,,12656.25,11389.0,"https://onemg.gumlet.io/l_watermark_346/a_ignore,c_fit,q_auto,f_auto/hx2gxivwmeoxxxsc1hix.png",https://www.1mg.com/drugs/mitobulin-solution-for-injection-672432
Myezom 2mg Injection,Myezom,Bortezomib (2mg),ANTI NEOPLASTICS,Injection,2mg,2694.54,2128.0,"https://onemg.gumlet.io/l_watermark_346/a_ignore,c_fit,q_auto,f_auto/de84ddb79b9f4b938df87f8f1dd35983.jpg",https://www.1mg.com/drugs/myezom-2mg-injection-311895
Meqsel Tablet,Meqsel,Trametinib (0.5mg),ANTI NEOPLASTICS,Tablet,,51195.0,48118.0,"https://onemg.gumlet.io/l_watermark_346/a_ignore,c_fit,q_auto,f_auto/d89a400b-131c-4a40-8ca7-afe042c651e7.jpeg",https://www.1mg.com/drugs/meqsel-tablet-683717
Myvajra Tablet,Myvajra,Emtricitabine (200mg) + Tenofovir disoproxil fumarate (300mg),ANTI INFECTIVES,Tablet,,2342.81,2108.0,"https://onemg.gumlet.io/l_watermark_346/a_ignore,c_fit,q_auto,f_auto/8960721e6368469d9c8a05754c98e1e3.jpg",https://www.1mg.com/drugs/myvajra-tablet-803417
Meftal-Spas Tablet,Meftal-Spas,Dicyclomine (10mg) + Mefenamic Acid (250mg),PAIN ANALGESICS,Tablet,,56.5,53.7,"https://onemg.gumlet.io/l_watermark_346/a_ignore,c_fit,q_auto,f_auto/839152e737fd4504b267633862144ef5.jpg",https://www.1mg.com/drugs/meftal-spas-tablet-71856
Manforce 100mg Tablet,Manforce,Sildenafil (100mg),SEX STIMULANTS REJUVENATORS,Tablet,100mg,265.0,221.0,"https://onemg.gumlet.io/l_watermark_346/a_ignore,c_fit,q_auto,f_auto/f7758f78d0e64f12922fd897f18af759.jpg",https://www.1mg.com/drugs/manforce-100mg-tablet-125944
Montair-LC Tablet,Montair-LC,Levocetirizine (5mg) + Montelukast (10mg),RESPIRATORY,Tablet,,419.79,398.0,"https://onemg.gumlet.io/l_watermark_346/a_ignore,c_fit,q_auto,f_auto/wbcmitb6ibmotmsy9st6.jpg",https://www.1mg.com/drugs/montair-lc-tablet-565306
MEtrogyl 400 Tablet,MEtrogyl,Metronidazole (400mg),ANTI INFECTIVES,Tablet,,23.93,22.8,"https://onemg.gumlet.io/l_watermark_346/a_ignore,c_fit,q_auto,f_auto/d4dd6a05dc7f4b3c91fd8e7d7a6a5ac3.jpg",https://www.1mg.com/drugs/metrogyl-400-tablet-18645
Mucinac 600 Effervescent Tablet Orange Sugar Free,Mucinac,Acetylcysteine (600mg),RESPIRATORY,Tablet,,402.8,382.0,"https://onemg.gumlet.io/l_watermark_346/a_ignore,c_fit,q_auto,f_auto/cropped/chgo3dazl0gx0tqfrofw.jpg",https://www.1mg.com/drugs/mucinac-600-effervescent-tablet-orange-sugar-free-40824
PegGRAfeel 6mg Injection,PegGRAfeel,Pegfilgrastim (6mg),ANTI NEOPLASTICS,Injection,6mg,3414.37,2902.0,"https://onemg.gumlet.io/l_watermark_346/a_ignore,c_fit,q_auto,f_auto/hx2gxivwmeoxxxsc1hix.png",https://www.1mg.com/drugs/peggrafeel-6mg-injection-172936
Plamumab 40mg Injection (0.8ml Each),Plamumab,Adalimumab (40mg),ANTI NEOPLASTICS,Injection,40mg,24706.68,12351.0,"https://onemg.gumlet.io/l_watermark_346/a_ignore,c_fit,q_auto,f_auto/hx2gxivwmeoxxxsc1hix.png",https://www.1mg.com/drugs/plamumab-40mg-injection-0.8ml-each-416488
Pamorelin LA 11.25mg Powder for Injection,Pamorelin,Triptorelin (11.25mg),HORMONES,Injection,11.25mg,16759.21,13238.0,"https://onemg.gumlet.io/l_watermark_346/a_ignore,c_fit,q_auto,f_auto/17968587364b4caba651ac90df7a393d.jpg",https://www.1mg.com/drugs/pamorelin-la-11.25mg-powder-for-injection-147767
Paclitax Nab 100mg Injection,Paclitax,Paclitaxel (100mg),ANTI NEOPLASTICS,Injection,100mg,9338.93,6069.0,"https://onemg.gumlet.io/l_watermark_346/a_ignore,c_fit,q_auto,f_auto/hx2gxivwmeoxxxsc1hix.png",https://www.1mg.com/drugs/paclitax-nab-100mg-injection-258555
Paclitax 260mg Injection,Paclitax,Paclitaxel (260mg),ANTI NEOPLASTICS,Injection,260mg,9343.67,8408.0,"https://onemg.gumlet.io/l_watermark_346/a_ignore,c_fit,q_auto,f_auto/hx2gxivwmeoxxxsc1hix.png",https://www.1mg.com/drugs/paclitax-260mg-injection-259044
Pazoci 400 Tablet,Pazoci,Pazopanib (400mg),ANTI NEOPLASTICS,Tablet,,10307.34,9276.0,"https://onemg.gumlet.io/l_watermark_346/a_ignore,c_fit,q_auto,f_auto/lygguju32ob9acawva8y.jpg",https://www.1mg.com/drugs/pazoci-400-tablet-702081
Paclitax 300mg Injection,Paclitax,Paclitaxel (300mg),ANTI NEOPLASTICS,Injection,300mg,10764.6,9687.0,"https://onemg.gumlet.io/l_watermark_346/a_ignore,c_fit,q_auto,f_auto/hx2gxivwmeoxxxsc1hix.png",https://www.1mg.com/drugs/paclitax-300mg-injection-266400
Pamorelin LA 3.75mg Powder for Injection,Pamorelin,Triptorelin (3.75mg),HORMONES,Injection,3.75mg,7036.87,5558.0,"https://onemg.gumlet.io/l_watermark_346/a_ignore,c_fit,q_auto,f_auto/trtrcci87kyzy0klzhzs.jpg",https://www.1mg.com/drugs/pamorelin-la-3.75mg-powder-for-injection-165365
Perjeta Injection,Perjeta,Pertuzumab (30mg/ml),ANTI NEOPLASTICS,Injection,,258339.0,232479.0,"https://onemg.gumlet.io/l_watermark_346/a_ignore,c_fit,q_auto,f_auto/pharmacy-production-rxs%2F1745926809_crop_393.png",https://www.1mg.com/drugs/perjeta-injection-535840
Pegfeel Injection,Pegfeel,Granulocyte Colony Stimulating Factor (6mg),ANTI NEOPLASTICS,Injection,,3414.38,3073.0,"https://onemg.gumlet.io/l_watermark_346/a_ignore,c_fit,q_auto,f_auto/840d7a13c84d4c509ec8c5f5560cc5a2.jpg",https://www.1mg.com/drugs/pegfeel-injection-684938
Tagrisso 80mg Tablet,Tagrisso,Osimertinib (80mg),ANTI NEOPLASTICS,Tablet,80mg,138830.83,124948.0,"https://onemg.gumlet.io/l_watermark_346/a_ignore,c_fit,q_auto,f_auto/d13b38f3-9a1d-466a-bb46-ba1dc1738d0a.jpeg",https://www.1mg.com/drugs/tagrisso-80mg-tablet-371034
Tecfidera 120mg Capsule,Tecfidera,Dimethyl fumarate (120mg),NEURO CNS,Capsule,120mg,21093.0,18982.0,"https://onemg.gumlet.io/l_watermark_346/a_ignore,c_fit,q_auto,f_auto/hx2gxivwmeoxxxsc1hix.png",https://www.1mg.com/drugs/tecfidera-120mg-capsule-467036
Tecfidera 240mg Capsule DR,Tecfidera,Dimethyl fumarate (240mg),NEURO CNS,Capsule,240mg,21093.0,18982.0,"https://onemg.gumlet.io/l_watermark_346/a_ignore,c_fit,q_auto,f_auto/ldihz0xhm2kv3xmy06sf.jpg",https://www.1mg.com/drugs/tecfidera-240mg-capsule-dr-674568
Tecentriq 1200mg Injection,Tecentriq,Atezolizumab (60mg/ml),ANTI NEOPLASTICS,Injection,1200mg,396725.0,357013.0,"https://onemg.gumlet.io/l_watermark_346/a_ignore,c_fit,q_auto,f_auto/158bc919da7c43e2ac8f569cab13224c.jpg",https://www.1mg.com/drugs/tecentriq-1200mg-injection-538825
Tarceva 150mg Tablet,Tarceva,Erlotinib (150mg),ANTI NEOPLASTICS,Tablet,150mg,37781.25,33999.0,"https://onemg.gumlet.io/l_watermark_346/a_ignore,c_fit,q_auto,f_auto/86e072dc1dc74aef89a33d4b1a1b9e69.jpg",https://www.1mg.com/drugs/tarceva-150mg-tablet-116325
Temoside 250 Capsule,Temoside,Temozolomide (250mg),ANTI NEOPLASTICS,Capsule,,6825.0,4094.0,"https://onemg.gumlet.io/l_watermark_346/a_ignore,c_fit,q_auto,f_auto/kmkrmx3wnt44xykh4tcf.jpg",https://www.1mg.com/drugs/temoside-250-capsule-771206
Tabi Tablet,Tabi,Bicalutamide (50mg),ANTI NEOPLASTICS,Tablet,,419.67,369.0,"https://onemg.gumlet.io/l_watermark_346/a_ignore,c_fit,q_auto,f_auto/cropped/bc5i5p9g40bvmasamuyw.jpg",https://www.1mg.com/drugs/tabi-tablet-48463
Tarceva 100mg TABLET,Tarceva,Erlotinib (100mg),ANTI NEOPLASTICS,Tablet,100mg,33234.38,29908.0,"https://onemg.gumlet.io/l_watermark_346/a_ignore,c_fit,q_auto,f_auto/e9ec68387fde4c85807dd327b44d339f.jpg",https://www.1mg.com/drugs/tarceva-100mg-tablet-235194
Tagrisso 40mg Tablet,Tagrisso,Osimertinib (40mg),ANTI NEOPLASTICS,Tablet,40mg,150154.0,135124.0,"https://onemg.gumlet.io/l_watermark_346/a_ignore,c_fit,q_auto,f_auto/hx2gxivwmeoxxxsc1hix.png",https://www.1mg.com/drugs/tagrisso-40mg-tablet-369669
Tecentriq Injection,Tecentriq,Atezolizumab (840mg),ANTI NEOPLASTICS,Injection,,277708.0,249909.0,"https://onemg.gumlet.io/l_watermark_346/a_ignore,c_fit,q_auto,f_auto/hx2gxivwmeoxxxsc1hix.png",https://www.1mg.com/drugs/tecentriq-injection-685233
Zerodol-SP Tablet,Zerodol-SP,Aceclofenac (100mg) + Paracetamol (325mg) + Serratiopeptidase (15mg),PAIN ANALGESICS,Tablet,,150.85,143.0,"https://onemg.gumlet.io/l_watermark_346/a_ignore,c_fit,q_auto,f_auto/cropped/lgixlqxumpihdtbmvwyb.jpg",https://www.1mg.com/drugs/zerodol-sp-tablet-67307
Zecyte 250mg Tablet,Zecyte,Abiraterone Acetate (250mg),ANTI NEOPLASTICS,Tablet,250mg,18281.25,16451.0,"https://onemg.gumlet.io/l_watermark_346/a_ignore,c_fit,q_auto,f_auto/hx2gxivwmeoxxxsc1hix.png",https://www.1mg.com/drugs/zecyte-250mg-tablet-339853
Zecyte 500mg Tablet,Zecyte,Abiraterone Acetate (500mg),ANTI NEOPLASTICS,Tablet,500mg,29500.0,26547.0,"https://onemg.gumlet.io/l_watermark_346/a_ignore,c_fit,q_auto,f_auto/hx2gxivwmeoxxxsc1hix.png",https://www.1mg.com/drugs/zecyte-500mg-tablet-369724
Zerodol P Tablet,Zerodol,Aceclofenac (100mg) + Paracetamol (325mg),PAIN ANALGESICS,Tablet,,75.94,72.2,"https://onemg.gumlet.io/l_watermark_346/a_ignore,c_fit,q_auto,f_auto/cropped/avrrcy33n6coazmhdycy.jpg",https://www.1mg.com/drugs/zerodol-p-tablet-67304
Zifi 200 Tablet,Zifi,Cefixime (200mg),ANTI INFECTIVES,Tablet,,105.11,100.0,"https://onemg.gumlet.io/l_watermark_346/a_ignore,c_fit,q_auto,f_auto/cropped/zesjgz3gt5mi69ja5mck.jpg",https://www.1mg.com/drugs/zifi-200-tablet-51344
Zedex Cough Syrup,Zedex,Chlorpheniramine Maleate (2mg/5ml) + Dextromethorphan Hydrobromide (10mg/5ml),RESPIRATORY,Syrup,,197.48,188.0,"https://onemg.gumlet.io/l_watermark_346/a_ignore,c_fit,q_auto,f_auto/2b60a27c5a5244c3b22ba8399898418e.jpg",https://www.1mg.com/drugs/zedex-cough-syrup-67280
Zerodol TH 4 Tablet,Zerodol,Aceclofenac (100mg) + Thiocolchicoside (4mg),PAIN ANALGESICS,Tablet,,275.0,262.0,"https://onemg.gumlet.io/l_watermark_346/a_ignore,c_fit,q_auto,f_auto/cropped/j1idjqecpljhe9wxw1bz.jpg",https://www.1mg.com/drugs/zerodol-th-4-tablet-122546
Zerodol-MR Tablet,Zerodol-MR,Aceclofenac (100mg) + Tizanidine (2mg),PAIN ANALGESICS,Tablet,,128.0,122.0,"https://onemg.gumlet.io/l_watermark_346/a_ignore,c_fit,q_auto,f_auto/cropped/knddo2oitzp6mpxrtyzl.jpg",https://www.1mg.com/drugs/zerodol-mr-tablet-67303
Zerodol Tablet,Zerodol,Aceclofenac (100mg),PAIN ANALGESICS,Tablet,,67.22,63.9,"https://onemg.gumlet.io/l_watermark_346/a_ignore,c_fit,q_auto,f_auto/cropped/qwqukawnffk5fk1zrsrc.jpg",https://www.1mg.com/drugs/zerodol-tablet-191575
Zonegran Tablet,Zonegran,Zonisamide (100mg),NEURO CNS,Tablet,,269.06,215.0,"https://onemg.gumlet.io/l_watermark_346/a_ignore,c_fit,q_auto,f_auto/cropped/e7qndoum8qcxbxkm5fbu.jpg",https://www.1mg.com/drugs/zonegran-tablet-38668
